code,fy,year,field_office,state,nationality
MGA,FY 2017,4034.0,Montgomery,Alabama,US
MGA,FY 2018,8071.0,Montgomery,Alabama,US
MGA,FY 2019,4037.0,Montgomery,Alabama,US
MGA,FY 2020,0.0,Montgomery,Alabama,US
ANC,FY 2013,2013.0,Anchorage,Alaska,US
ANC,FY 2014,8055.0,Anchorage,Alaska,US
ANC,FY 2015,8059.0,Anchorage,Alaska,US
ANC,FY 2016,8063.0,Anchorage,Alaska,US
ANC,FY 2017,8067.0,Anchorage,Alaska,US
ANC,FY 2018,8071.0,Anchorage,Alaska,US
ANC,FY 2019,4037.0,Anchorage,Alaska,US
ANC,FY 2020,0.0,Anchorage,Alaska,US
PHO,FY 2013,2013.0,Phoenix,Arizona,US
PHO,FY 2014,8055.0,Phoenix,Arizona,US
PHO,FY 2015,8059.0,Phoenix,Arizona,US
PHO,FY 2016,8063.0,Phoenix,Arizona,US
PHO,FY 2017,8067.0,Phoenix,Arizona,US
PHO,FY 2018,8071.0,Phoenix,Arizona,US
PHO,FY 2019,4037.0,Phoenix,Arizona,US
PHO,FY 2020,0.0,Phoenix,Arizona,US
TUC,FY 2013,2013.0,Tucson,Arizona,US
TUC,FY 2014,8055.0,Tucson,Arizona,US
TUC,FY 2015,8059.0,Tucson,Arizona,US
TUC,FY 2016,8063.0,Tucson,Arizona,US
TUC,FY 2017,8067.0,Tucson,Arizona,US
TUC,FY 2018,8071.0,Tucson,Arizona,US
TUC,FY 2019,4037.0,Tucson,Arizona,US
TUC,FY 2020,0.0,Tucson,Arizona,US
FSA,FY 2013,2013.0,Fort Smith,Arkansas,US
FSA,FY 2014,8055.0,Fort Smith,Arkansas,US
FSA,FY 2015,8059.0,Fort Smith,Arkansas,US
FSA,FY 2016,8063.0,Fort Smith,Arkansas,US
FSA,FY 2017,8067.0,Fort Smith,Arkansas,US
FSA,FY 2018,8071.0,Fort Smith,Arkansas,US
FSA,FY 2019,4037.0,Fort Smith,Arkansas,US
FSA,FY 2020,0.0,Fort Smith,Arkansas,US
CVC,FY 2013,2013.0,Chula Vista,California,US
CVC,FY 2014,8055.0,Chula Vista,California,US
CVC,FY 2015,8059.0,Chula Vista,California,US
CVC,FY 2016,8063.0,Chula Vista,California,US
CVC,FY 2017,8067.0,Chula Vista,California,US
CVC,FY 2018,8071.0,Chula Vista,California,US
CVC,FY 2019,4037.0,Chula Vista,California,US
CVC,FY 2020,0.0,Chula Vista,California,US
FRE,FY 2013,2013.0,Fresno,California,US
FRE,FY 2014,8055.0,Fresno,California,US
FRE,FY 2015,8059.0,Fresno,California,US
FRE,FY 2016,8063.0,Fresno,California,US
FRE,FY 2017,8067.0,Fresno,California,US
FRE,FY 2018,8071.0,Fresno,California,US
FRE,FY 2019,4037.0,Fresno,California,US
FRE,FY 2020,0.0,Fresno,California,US
IMP,FY 2013,2013.0,Imperial,California,US
IMP,FY 2014,8055.0,Imperial,California,US
IMP,FY 2015,8059.0,Imperial,California,US
IMP,FY 2016,8063.0,Imperial,California,US
IMP,FY 2017,8067.0,Imperial,California,US
IMP,FY 2018,8071.0,Imperial,California,US
IMP,FY 2019,4037.0,Imperial,California,US
IMP,FY 2020,0.0,Imperial,California,US
LOS,FY 2013,2013.0,Los Angeles,California,US
LOS,FY 2014,8055.0,Los Angeles,California,US
LOS,FY 2015,8059.0,Los Angeles,California,US
LOS,FY 2016,8063.0,Los Angeles,California,US
LOS,FY 2017,8067.0,Los Angeles,California,US
LOS,FY 2018,8071.0,Los Angeles,California,US
LOS,FY 2019,4037.0,Los Angeles,California,US
LOS,FY 2020,0.0,Los Angeles,California,US
LAC,FY 2013,2013.0,Los Angeles County,California,US
LAC,FY 2014,8055.0,Los Angeles County,California,US
LAC,FY 2015,8059.0,Los Angeles County,California,US
LAC,FY 2016,8063.0,Los Angeles County,California,US
LAC,FY 2017,8067.0,Los Angeles County,California,US
LAC,FY 2018,8071.0,Los Angeles County,California,US
LAC,FY 2019,4037.0,Los Angeles County,California,US
LAC,FY 2020,0.0,Los Angeles County,California,US
SAC,FY 2013,2013.0,Sacramento,California,US
SAC,FY 2014,8055.0,Sacramento,California,US
SAC,FY 2015,8059.0,Sacramento,California,US
SAC,FY 2016,8063.0,Sacramento,California,US
SAC,FY 2017,8067.0,Sacramento,California,US
SAC,FY 2018,8071.0,Sacramento,California,US
SAC,FY 2019,4037.0,Sacramento,California,US
SAC,FY 2020,0.0,Sacramento,California,US
SBD,FY 2013,2013.0,San Bernardino,California,US
SBD,FY 2014,8055.0,San Bernardino,California,US
SBD,FY 2015,8059.0,San Bernardino,California,US
SBD,FY 2016,8063.0,San Bernardino,California,US
SBD,FY 2017,8067.0,San Bernardino,California,US
SBD,FY 2018,8071.0,San Bernardino,California,US
SBD,FY 2019,4037.0,San Bernardino,California,US
SBD,FY 2020,0.0,San Bernardino,California,US
SND,FY 2013,2013.0,San Diego,California,US
SND,FY 2014,8055.0,San Diego,California,US
SND,FY 2015,8059.0,San Diego,California,US
SND,FY 2016,8063.0,San Diego,California,US
SND,FY 2017,8067.0,San Diego,California,US
SND,FY 2018,8071.0,San Diego,California,US
SND,FY 2019,4037.0,San Diego,California,US
SND,FY 2020,0.0,San Diego,California,US
SFV,FY 2013,2013.0,San Fernando Valley,California,US
SFV,FY 2014,8055.0,San Fernando Valley,California,US
SFV,FY 2015,8059.0,San Fernando Valley,California,US
SFV,FY 2016,8063.0,San Fernando Valley,California,US
SFV,FY 2017,8067.0,San Fernando Valley,California,US
SFV,FY 2018,8071.0,San Fernando Valley,California,US
SFV,FY 2019,4037.0,San Fernando Valley,California,US
SFV,FY 2020,0.0,San Fernando Valley,California,US
SFR,FY 2013,2013.0,San Francisco,California,US
SFR,FY 2014,8055.0,San Francisco,California,US
SFR,FY 2015,8059.0,San Francisco,California,US
SFR,FY 2016,8063.0,San Francisco,California,US
SFR,FY 2017,8067.0,San Francisco,California,US
SFR,FY 2018,8071.0,San Francisco,California,US
SFR,FY 2019,4037.0,San Francisco,California,US
SFR,FY 2020,0.0,San Francisco,California,US
SNJ,FY 2013,2013.0,San Jose,California,US
SNJ,FY 2014,8055.0,San Jose,California,US
SNJ,FY 2015,8059.0,San Jose,California,US
SNJ,FY 2016,8063.0,San Jose,California,US
SNJ,FY 2017,8067.0,San Jose,California,US
SNJ,FY 2018,8071.0,San Jose,California,US
SNJ,FY 2019,4037.0,San Jose,California,US
SNJ,FY 2020,0.0,San Jose,California,US
SAA,FY 2013,2013.0,Santa Ana,California,US
SAA,FY 2014,8055.0,Santa Ana,California,US
SAA,FY 2015,8059.0,Santa Ana,California,US
SAA,FY 2016,8063.0,Santa Ana,California,US
SAA,FY 2017,8067.0,Santa Ana,California,US
SAA,FY 2018,8071.0,Santa Ana,California,US
SAA,FY 2019,4037.0,Santa Ana,California,US
SAA,FY 2020,0.0,Santa Ana,California,US
DEN,FY 2013,2013.0,Denver,Colorado,US
DEN,FY 2014,8055.0,Denver,Colorado,US
DEN,FY 2015,8059.0,Denver,Colorado,US
DEN,FY 2016,8063.0,Denver,Colorado,US
DEN,FY 2017,8067.0,Denver,Colorado,US
DEN,FY 2018,8071.0,Denver,Colorado,US
DEN,FY 2019,4037.0,Denver,Colorado,US
DEN,FY 2020,0.0,Denver,Colorado,US
HAR,FY 2013,2013.0,Hartford,Connecticut,US
HAR,FY 2014,8055.0,Hartford,Connecticut,US
HAR,FY 2015,8059.0,Hartford,Connecticut,US
HAR,FY 2016,8063.0,Hartford,Connecticut,US
HAR,FY 2017,8067.0,Hartford,Connecticut,US
HAR,FY 2018,8071.0,Hartford,Connecticut,US
HAR,FY 2019,4037.0,Hartford,Connecticut,US
HAR,FY 2020,0.0,Hartford,Connecticut,US
DVD,FY 2013,2013.0,Dover AFB,Delaware,US
DVD,FY 2014,8055.0,Dover AFB,Delaware,US
DVD,FY 2015,8059.0,Dover AFB,Delaware,US
DVD,FY 2016,8063.0,Dover AFB,Delaware,US
DVD,FY 2017,8067.0,Dover AFB,Delaware,US
DVD,FY 2018,8071.0,Dover AFB,Delaware,US
DVD,FY 2019,4037.0,Dover AFB,Delaware,US
DVD,FY 2020,0.0,Dover AFB,Delaware,US
WAS,FY 2013,2013.0,Washington,District of Columbia,US
WAS,FY 2014,8055.0,Washington,District of Columbia,US
WAS,FY 2015,8059.0,Washington,District of Columbia,US
WAS,FY 2016,8063.0,Washington,District of Columbia,US
WAS,FY 2017,8067.0,Washington,District of Columbia,US
WAS,FY 2018,8071.0,Washington,District of Columbia,US
WAS,FY 2019,4037.0,Washington,District of Columbia,US
WAS,FY 2020,0.0,Washington,District of Columbia,US
OFM,FY 2017,8067.0,Fort Meyers,Florida,US
OFM,FY 2018,8071.0,Fort Meyers,Florida,US
OFM,FY 2019,4037.0,Fort Meyers,Florida,US
OFM,FY 2020,0.0,Fort Meyers,Florida,US
HIA,FY 2013,2013.0,Hialeah,Florida,US
HIA,FY 2014,8055.0,Hialeah,Florida,US
HIA,FY 2015,8059.0,Hialeah,Florida,US
HIA,FY 2016,8063.0,Hialeah,Florida,US
HIA,FY 2017,8067.0,Hialeah,Florida,US
HIA,FY 2018,8071.0,Hialeah,Florida,US
HIA,FY 2019,4037.0,Hialeah,Florida,US
HIA,FY 2020,0.0,Hialeah,Florida,US
JAC,FY 2013,2013.0,Jacksonville,Florida,US
JAC,FY 2014,8055.0,Jacksonville,Florida,US
JAC,FY 2015,8059.0,Jacksonville,Florida,US
JAC,FY 2016,8063.0,Jacksonville,Florida,US
JAC,FY 2017,8067.0,Jacksonville,Florida,US
JAC,FY 2018,8071.0,Jacksonville,Florida,US
JAC,FY 2019,4037.0,Jacksonville,Florida,US
JAC,FY 2020,0.0,Jacksonville,Florida,US
KND,FY 2013,2013.0,Kendall,Florida,US
KND,FY 2014,8055.0,Kendall,Florida,US
KND,FY 2015,8059.0,Kendall,Florida,US
KND,FY 2016,8063.0,Kendall,Florida,US
KND,FY 2017,8067.0,Kendall,Florida,US
KND,FY 2018,8071.0,Kendall,Florida,US
KND,FY 2019,4037.0,Kendall,Florida,US
KND,FY 2020,0.0,Kendall,Florida,US
MIA,FY 2013,2013.0,Miami,Florida,US
MIA,FY 2014,8055.0,Miami,Florida,US
MIA,FY 2015,8059.0,Miami,Florida,US
MIA,FY 2016,8063.0,Miami,Florida,US
MIA,FY 2017,8067.0,Miami,Florida,US
MIA,FY 2018,8071.0,Miami,Florida,US
MIA,FY 2019,4037.0,Miami,Florida,US
MIA,FY 2020,0.0,Miami,Florida,US
OKL,FY 2013,2013.0,Oakland Park,Florida,US
OKL,FY 2014,8055.0,Oakland Park,Florida,US
OKL,FY 2015,8059.0,Oakland Park,Florida,US
OKL,FY 2016,8063.0,Oakland Park,Florida,US
OKL,FY 2017,8067.0,Oakland Park,Florida,US
OKL,FY 2018,8071.0,Oakland Park,Florida,US
OKL,FY 2019,4037.0,Oakland Park,Florida,US
OKL,FY 2020,0.0,Oakland Park,Florida,US
ORL,FY 2013,2013.0,Orlando,Florida,US
ORL,FY 2014,8055.0,Orlando,Florida,US
ORL,FY 2015,8059.0,Orlando,Florida,US
ORL,FY 2016,8063.0,Orlando,Florida,US
ORL,FY 2017,8067.0,Orlando,Florida,US
ORL,FY 2018,8071.0,Orlando,Florida,US
ORL,FY 2019,4037.0,Orlando,Florida,US
ORL,FY 2020,0.0,Orlando,Florida,US
TAM,FY 2013,2013.0,Tampa,Florida,US
TAM,FY 2014,8055.0,Tampa,Florida,US
TAM,FY 2015,8059.0,Tampa,Florida,US
TAM,FY 2016,8063.0,Tampa,Florida,US
TAM,FY 2017,8067.0,Tampa,Florida,US
TAM,FY 2018,8071.0,Tampa,Florida,US
TAM,FY 2019,4037.0,Tampa,Florida,US
TAM,FY 2020,0.0,Tampa,Florida,US
WPB,FY 2013,2013.0,West Palm Beach,Florida,US
WPB,FY 2014,8055.0,West Palm Beach,Florida,US
WPB,FY 2015,8059.0,West Palm Beach,Florida,US
WPB,FY 2016,8063.0,West Palm Beach,Florida,US
WPB,FY 2017,8067.0,West Palm Beach,Florida,US
WPB,FY 2018,8071.0,West Palm Beach,Florida,US
WPB,FY 2019,4037.0,West Palm Beach,Florida,US
WPB,FY 2020,0.0,West Palm Beach,Florida,US
ATL,FY 2013,2013.0,Atlanta,Georgia,US
ATL,FY 2014,8055.0,Atlanta,Georgia,US
ATL,FY 2015,8059.0,Atlanta,Georgia,US
ATL,FY 2016,8063.0,Atlanta,Georgia,US
ATL,FY 2017,8067.0,Atlanta,Georgia,US
ATL,FY 2018,8071.0,Atlanta,Georgia,US
ATL,FY 2019,4037.0,Atlanta,Georgia,US
ATL,FY 2020,0.0,Atlanta,Georgia,US
HHW,FY 2013,2013.0,Honolulu,Hawaii,US
HHW,FY 2014,8055.0,Honolulu,Hawaii,US
HHW,FY 2015,8059.0,Honolulu,Hawaii,US
HHW,FY 2016,8063.0,Honolulu,Hawaii,US
HHW,FY 2017,8067.0,Honolulu,Hawaii,US
HHW,FY 2018,8071.0,Honolulu,Hawaii,US
HHW,FY 2019,4037.0,Honolulu,Hawaii,US
HHW,FY 2020,0.0,Honolulu,Hawaii,US
BOI,FY 2013,2013.0,Boise,Idaho,US
BOI,FY 2014,8055.0,Boise,Idaho,US
BOI,FY 2015,8059.0,Boise,Idaho,US
BOI,FY 2016,8063.0,Boise,Idaho,US
BOI,FY 2017,8067.0,Boise,Idaho,US
BOI,FY 2018,8071.0,Boise,Idaho,US
BOI,FY 2019,4037.0,Boise,Idaho,US
BOI,FY 2020,0.0,Boise,Idaho,US
CHI,FY 2013,2013.0,Chicago,Illinois,US
CHI,FY 2014,8055.0,Chicago,Illinois,US
CHI,FY 2015,8059.0,Chicago,Illinois,US
CHI,FY 2016,8063.0,Chicago,Illinois,US
CHI,FY 2017,8067.0,Chicago,Illinois,US
CHI,FY 2018,8071.0,Chicago,Illinois,US
CHI,FY 2019,4037.0,Chicago,Illinois,US
CHI,FY 2020,0.0,Chicago,Illinois,US
INP,FY 2013,2013.0,Indianapolis,Indiana,US
INP,FY 2014,8055.0,Indianapolis,Indiana,US
INP,FY 2015,8059.0,Indianapolis,Indiana,US
INP,FY 2016,8063.0,Indianapolis,Indiana,US
INP,FY 2017,8067.0,Indianapolis,Indiana,US
INP,FY 2018,8071.0,Indianapolis,Indiana,US
INP,FY 2019,4037.0,Indianapolis,Indiana,US
INP,FY 2020,0.0,Indianapolis,Indiana,US
DSM,FY 2013,2013.0,Des Moines,Iowa,US
DSM,FY 2014,8055.0,Des Moines,Iowa,US
DSM,FY 2015,8059.0,Des Moines,Iowa,US
DSM,FY 2016,8063.0,Des Moines,Iowa,US
DSM,FY 2017,8067.0,Des Moines,Iowa,US
DSM,FY 2018,8071.0,Des Moines,Iowa,US
DSM,FY 2019,4037.0,Des Moines,Iowa,US
DSM,FY 2020,0.0,Des Moines,Iowa,US
WIC,FY 2013,2013.0,Wichita,Kansas,US
WIC,FY 2014,8055.0,Wichita,Kansas,US
WIC,FY 2015,8059.0,Wichita,Kansas,US
WIC,FY 2016,8063.0,Wichita,Kansas,US
WIC,FY 2017,8067.0,Wichita,Kansas,US
WIC,FY 2018,8071.0,Wichita,Kansas,US
WIC,FY 2019,4037.0,Wichita,Kansas,US
WIC,FY 2020,0.0,Wichita,Kansas,US
LOU,FY 2013,2013.0,Louisville,Kentucky,US
LOU,FY 2014,8055.0,Louisville,Kentucky,US
LOU,FY 2015,8059.0,Louisville,Kentucky,US
LOU,FY 2016,8063.0,Louisville,Kentucky,US
LOU,FY 2017,8067.0,Louisville,Kentucky,US
LOU,FY 2018,8071.0,Louisville,Kentucky,US
LOU,FY 2019,4037.0,Louisville,Kentucky,US
LOU,FY 2020,0.0,Louisville,Kentucky,US
NOL,FY 2013,2013.0,New Orleans,Louisiana,US
NOL,FY 2014,8055.0,New Orleans,Louisiana,US
NOL,FY 2015,8059.0,New Orleans,Louisiana,US
NOL,FY 2016,8063.0,New Orleans,Louisiana,US
NOL,FY 2017,8067.0,New Orleans,Louisiana,US
NOL,FY 2018,8071.0,New Orleans,Louisiana,US
NOL,FY 2019,4037.0,New Orleans,Louisiana,US
NOL,FY 2020,0.0,New Orleans,Louisiana,US
POM,FY 2019,0.0,Portland,Maine,US
POM,FY 2020,0.0,Portland,Maine,US
BAL,FY 2013,2013.0,Baltimore,Maryland,US
BAL,FY 2014,8055.0,Baltimore,Maryland,US
BAL,FY 2015,8059.0,Baltimore,Maryland,US
BAL,FY 2016,8063.0,Baltimore,Maryland,US
BAL,FY 2017,8067.0,Baltimore,Maryland,US
BAL,FY 2018,8071.0,Baltimore,Maryland,US
BAL,FY 2019,4037.0,Baltimore,Maryland,US
BAL,FY 2020,0.0,Baltimore,Maryland,US
BOS,FY 2013,2013.0,Boston,Massachusetts,US
BOS,FY 2014,8055.0,Boston,Massachusetts,US
BOS,FY 2015,8059.0,Boston,Massachusetts,US
BOS,FY 2016,8063.0,Boston,Massachusetts,US
BOS,FY 2017,8067.0,Boston,Massachusetts,US
BOS,FY 2018,8071.0,Boston,Massachusetts,US
BOS,FY 2019,4037.0,Boston,Massachusetts,US
BOS,FY 2020,0.0,Boston,Massachusetts,US
LAW,FY 2013,2013.0,Lawrence,Massachusetts,US
LAW,FY 2014,8055.0,Lawrence,Massachusetts,US
LAW,FY 2015,8059.0,Lawrence,Massachusetts,US
LAW,FY 2016,8063.0,Lawrence,Massachusetts,US
LAW,FY 2017,8067.0,Lawrence,Massachusetts,US
LAW,FY 2018,8071.0,Lawrence,Massachusetts,US
LAW,FY 2019,4037.0,Lawrence,Massachusetts,US
LAW,FY 2020,0.0,Lawrence,Massachusetts,US
DET,FY 2013,2013.0,Detroit,Michigan,US
DET,FY 2014,8055.0,Detroit,Michigan,US
DET,FY 2015,8059.0,Detroit,Michigan,US
DET,FY 2016,8063.0,Detroit,Michigan,US
DET,FY 2017,8067.0,Detroit,Michigan,US
DET,FY 2018,8071.0,Detroit,Michigan,US
DET,FY 2019,4037.0,Detroit,Michigan,US
DET,FY 2020,0.0,Detroit,Michigan,US
SPM,FY 2013,2013.0,St. Paul,Minnesota,US
SPM,FY 2014,8055.0,St. Paul,Minnesota,US
SPM,FY 2015,8059.0,St. Paul,Minnesota,US
SPM,FY 2016,8063.0,St. Paul,Minnesota,US
SPM,FY 2017,8067.0,St. Paul,Minnesota,US
SPM,FY 2018,8071.0,St. Paul,Minnesota,US
SPM,FY 2019,4037.0,St. Paul,Minnesota,US
SPM,FY 2020,0.0,St. Paul,Minnesota,US
KAN,FY 2013,2013.0,Kansas City,Missouri,US
KAN,FY 2014,8055.0,Kansas City,Missouri,US
KAN,FY 2015,8059.0,Kansas City,Missouri,US
KAN,FY 2016,8063.0,Kansas City,Missouri,US
KAN,FY 2017,8067.0,Kansas City,Missouri,US
KAN,FY 2018,8071.0,Kansas City,Missouri,US
KAN,FY 2019,4037.0,Kansas City,Missouri,US
KAN,FY 2020,0.0,Kansas City,Missouri,US
STL,FY 2013,2013.0,St. Louis,Missouri,US
STL,FY 2014,8055.0,St. Louis,Missouri,US
STL,FY 2015,8059.0,St. Louis,Missouri,US
STL,FY 2016,8063.0,St. Louis,Missouri,US
STL,FY 2017,8067.0,St. Louis,Missouri,US
STL,FY 2018,8071.0,St. Louis,Missouri,US
STL,FY 2019,4037.0,St. Louis,Missouri,US
STL,FY 2020,0.0,St. Louis,Missouri,US
HEL,FY 2013,2013.0,Helena,Montana,US
HEL,FY 2014,8055.0,Helena,Montana,US
HEL,FY 2015,8059.0,Helena,Montana,US
HEL,FY 2016,8063.0,Helena,Montana,US
HEL,FY 2017,8067.0,Helena,Montana,US
HEL,FY 2018,8071.0,Helena,Montana,US
HEL,FY 2019,4037.0,Helena,Montana,US
HEL,FY 2020,0.0,Helena,Montana,US
OMA,FY 2013,2013.0,Omaha,Nebraska,US
OMA,FY 2014,8055.0,Omaha,Nebraska,US
OMA,FY 2015,8059.0,Omaha,Nebraska,US
OMA,FY 2016,8063.0,Omaha,Nebraska,US
OMA,FY 2017,8067.0,Omaha,Nebraska,US
OMA,FY 2018,8071.0,Omaha,Nebraska,US
OMA,FY 2019,4037.0,Omaha,Nebraska,US
OMA,FY 2020,0.0,Omaha,Nebraska,US
LVG,FY 2013,2013.0,Las Vegas,Nevada,US
LVG,FY 2014,8055.0,Las Vegas,Nevada,US
LVG,FY 2015,8059.0,Las Vegas,Nevada,US
LVG,FY 2016,8063.0,Las Vegas,Nevada,US
LVG,FY 2017,8067.0,Las Vegas,Nevada,US
LVG,FY 2018,8071.0,Las Vegas,Nevada,US
LVG,FY 2019,4037.0,Las Vegas,Nevada,US
LVG,FY 2020,0.0,Las Vegas,Nevada,US
REN,FY 2013,2013.0,Reno,Nevada,US
REN,FY 2014,8055.0,Reno,Nevada,US
REN,FY 2015,8059.0,Reno,Nevada,US
REN,FY 2016,8063.0,Reno,Nevada,US
REN,FY 2017,8067.0,Reno,Nevada,US
REN,FY 2018,8071.0,Reno,Nevada,US
REN,FY 2019,4037.0,Reno,Nevada,US
REN,FY 2020,0.0,Reno,Nevada,US
MAN,FY 2013,2013.0,Manchester,New Hampshire,US
MAN,FY 2014,8055.0,Manchester,New Hampshire,US
MAN,FY 2015,8059.0,Manchester,New Hampshire,US
MAN,FY 2016,8063.0,Manchester,New Hampshire,US
MAN,FY 2017,8067.0,Manchester,New Hampshire,US
MAN,FY 2018,8071.0,Manchester,New Hampshire,US
MAN,FY 2019,4037.0,Manchester,New Hampshire,US
MAN,FY 2020,0.0,Manchester,New Hampshire,US
MTL,FY 2013,2013.0,Mount Laurel,New Jersey,US
MTL,FY 2014,8055.0,Mount Laurel,New Jersey,US
MTL,FY 2015,8059.0,Mount Laurel,New Jersey,US
MTL,FY 2016,8063.0,Mount Laurel,New Jersey,US
MTL,FY 2017,8067.0,Mount Laurel,New Jersey,US
MTL,FY 2018,8071.0,Mount Laurel,New Jersey,US
MTL,FY 2019,4037.0,Mount Laurel,New Jersey,US
MTL,FY 2020,0.0,Mount Laurel,New Jersey,US
NEW,FY 2013,2013.0,Newark,New Jersey,US
NEW,FY 2014,8055.0,Newark,New Jersey,US
NEW,FY 2015,8059.0,Newark,New Jersey,US
NEW,FY 2016,8063.0,Newark,New Jersey,US
NEW,FY 2017,8067.0,Newark,New Jersey,US
NEW,FY 2018,8071.0,Newark,New Jersey,US
NEW,FY 2019,4037.0,Newark,New Jersey,US
NEW,FY 2020,0.0,Newark,New Jersey,US
ABQ,FY 2013,2013.0,Albuquerque,New Mexico,US
ABQ,FY 2014,8055.0,Albuquerque,New Mexico,US
ABQ,FY 2015,8059.0,Albuquerque,New Mexico,US
ABQ,FY 2016,8063.0,Albuquerque,New Mexico,US
ABQ,FY 2017,8067.0,Albuquerque,New Mexico,US
ABQ,FY 2018,8071.0,Albuquerque,New Mexico,US
ABQ,FY 2019,4037.0,Albuquerque,New Mexico,US
ABQ,FY 2020,0.0,Albuquerque,New Mexico,US
ALB,FY 2013,2013.0,Albany,New York,US
ALB,FY 2014,8055.0,Albany,New York,US
ALB,FY 2015,8059.0,Albany,New York,US
ALB,FY 2016,8063.0,Albany,New York,US
ALB,FY 2017,8067.0,Albany,New York,US
ALB,FY 2018,8071.0,Albany,New York,US
ALB,FY 2019,4037.0,Albany,New York,US
ALB,FY 2020,0.0,Albany,New York,US
BNY,FY 2017,2017.0,Brooklyn,New York,US
BNY,FY 2018,8071.0,Brooklyn,New York,US
BNY,FY 2019,4037.0,Brooklyn,New York,US
BNY,FY 2020,0.0,Brooklyn,New York,US
BUF,FY 2013,2013.0,Buffalo,New York,US
BUF,FY 2014,8055.0,Buffalo,New York,US
BUF,FY 2015,8059.0,Buffalo,New York,US
BUF,FY 2016,8063.0,Buffalo,New York,US
BUF,FY 2017,8067.0,Buffalo,New York,US
BUF,FY 2018,8071.0,Buffalo,New York,US
BUF,FY 2019,4037.0,Buffalo,New York,US
BUF,FY 2020,0.0,Buffalo,New York,US
LNY,FY 2013,2013.0,Long Island,New York,US
LNY,FY 2014,8055.0,Long Island,New York,US
LNY,FY 2015,8059.0,Long Island,New York,US
LNY,FY 2016,8063.0,Long Island,New York,US
LNY,FY 2017,8067.0,Long Island,New York,US
LNY,FY 2018,8071.0,Long Island,New York,US
LNY,FY 2019,4037.0,Long Island,New York,US
LNY,FY 2020,0.0,Long Island,New York,US
NYC,FY 2013,2013.0,New York,New York,US
NYC,FY 2014,8055.0,New York,New York,US
NYC,FY 2015,8059.0,New York,New York,US
NYC,FY 2016,8063.0,New York,New York,US
NYC,FY 2017,8067.0,New York,New York,US
NYC,FY 2018,8071.0,New York,New York,US
NYC,FY 2019,4037.0,New York,New York,US
NYC,FY 2020,0.0,New York,New York,US
QNS,FY 2013,2013.0,Queens,New York,US
QNS,FY 2014,8055.0,Queens,New York,US
QNS,FY 2015,8059.0,Queens,New York,US
QNS,FY 2016,8063.0,Queens,New York,US
QNS,FY 2017,8067.0,Queens,New York,US
QNS,FY 2018,8071.0,Queens,New York,US
QNS,FY 2019,4037.0,Queens,New York,US
QNS,FY 2020,0.0,Queens,New York,US
CLT,FY 2013,2013.0,Charlotte,North Carolina,US
CLT,FY 2014,8055.0,Charlotte,North Carolina,US
CLT,FY 2015,8059.0,Charlotte,North Carolina,US
CLT,FY 2016,8063.0,Charlotte,North Carolina,US
CLT,FY 2017,8067.0,Charlotte,North Carolina,US
CLT,FY 2018,8071.0,Charlotte,North Carolina,US
CLT,FY 2019,4037.0,Charlotte,North Carolina,US
CLT,FY 2020,0.0,Charlotte,North Carolina,US
RAL,FY 2013,2013.0,Raleigh,North Carolina,US
RAL,FY 2014,8055.0,Raleigh,North Carolina,US
RAL,FY 2015,8059.0,Raleigh,North Carolina,US
RAL,FY 2016,8063.0,Raleigh,North Carolina,US
RAL,FY 2017,8067.0,Raleigh,North Carolina,US
RAL,FY 2018,8071.0,Raleigh,North Carolina,US
RAL,FY 2019,4037.0,Raleigh,North Carolina,US
RAL,FY 2020,0.0,Raleigh,North Carolina,US
CIN,FY 2013,2013.0,Cincinnati,Ohio,US
CIN,FY 2014,8055.0,Cincinnati,Ohio,US
CIN,FY 2015,8059.0,Cincinnati,Ohio,US
CIN,FY 2016,8063.0,Cincinnati,Ohio,US
CIN,FY 2017,8067.0,Cincinnati,Ohio,US
CIN,FY 2018,8071.0,Cincinnati,Ohio,US
CIN,FY 2019,4037.0,Cincinnati,Ohio,US
CIN,FY 2020,0.0,Cincinnati,Ohio,US
CLE,FY 2013,2013.0,Cleveland,Ohio,US
CLE,FY 2014,8055.0,Cleveland,Ohio,US
CLE,FY 2015,8059.0,Cleveland,Ohio,US
CLE,FY 2016,8063.0,Cleveland,Ohio,US
CLE,FY 2017,8067.0,Cleveland,Ohio,US
CLE,FY 2018,8071.0,Cleveland,Ohio,US
CLE,FY 2019,4037.0,Cleveland,Ohio,US
CLE,FY 2020,0.0,Cleveland,Ohio,US
CLM,FY 2013,2013.0,Columbus,Ohio,US
CLM,FY 2014,8055.0,Columbus,Ohio,US
CLM,FY 2015,8059.0,Columbus,Ohio,US
CLM,FY 2016,8063.0,Columbus,Ohio,US
CLM,FY 2017,8067.0,Columbus,Ohio,US
CLM,FY 2018,8071.0,Columbus,Ohio,US
CLM,FY 2019,4037.0,Columbus,Ohio,US
CLM,FY 2020,0.0,Columbus,Ohio,US
OKC,FY 2013,2013.0,Oklahoma City,Oklahoma,US
OKC,FY 2014,8055.0,Oklahoma City,Oklahoma,US
OKC,FY 2015,8059.0,Oklahoma City,Oklahoma,US
OKC,FY 2016,8063.0,Oklahoma City,Oklahoma,US
OKC,FY 2017,8067.0,Oklahoma City,Oklahoma,US
OKC,FY 2018,8071.0,Oklahoma City,Oklahoma,US
OKC,FY 2019,4037.0,Oklahoma City,Oklahoma,US
OKC,FY 2020,0.0,Oklahoma City,Oklahoma,US
POO,FY 2013,4026.0,Portland,Oregon,US
POO,FY 2014,16110.0,Portland,Oregon,US
POO,FY 2015,16118.0,Portland,Oregon,US
POO,FY 2016,16126.0,Portland,Oregon,US
POO,FY 2017,16134.0,Portland,Oregon,US
POO,FY 2018,16142.0,Portland,Oregon,US
POO,FY 2019,8074.0,Portland,Oregon,US
POO,FY 2020,0.0,Portland,Oregon,US
PHI,FY 2013,2013.0,Philadelphia,Pennsylvania,US
PHI,FY 2014,8055.0,Philadelphia,Pennsylvania,US
PHI,FY 2015,8059.0,Philadelphia,Pennsylvania,US
PHI,FY 2016,8063.0,Philadelphia,Pennsylvania,US
PHI,FY 2017,8067.0,Philadelphia,Pennsylvania,US
PHI,FY 2018,8071.0,Philadelphia,Pennsylvania,US
PHI,FY 2019,4037.0,Philadelphia,Pennsylvania,US
PHI,FY 2020,0.0,Philadelphia,Pennsylvania,US
PIT,FY 2013,2013.0,Pittsburgh,Pennsylvania,US
PIT,FY 2014,8055.0,Pittsburgh,Pennsylvania,US
PIT,FY 2015,8059.0,Pittsburgh,Pennsylvania,US
PIT,FY 2016,8063.0,Pittsburgh,Pennsylvania,US
PIT,FY 2017,8067.0,Pittsburgh,Pennsylvania,US
PIT,FY 2018,8071.0,Pittsburgh,Pennsylvania,US
PIT,FY 2019,4037.0,Pittsburgh,Pennsylvania,US
PIT,FY 2020,0.0,Pittsburgh,Pennsylvania,US
PRO,FY 2013,2013.0,Providence,Rhode Island,US
PRO,FY 2014,8055.0,Providence,Rhode Island,US
PRO,FY 2015,8059.0,Providence,Rhode Island,US
PRO,FY 2016,8063.0,Providence,Rhode Island,US
PRO,FY 2017,8067.0,Providence,Rhode Island,US
PRO,FY 2018,8071.0,Providence,Rhode Island,US
PRO,FY 2019,4037.0,Providence,Rhode Island,US
PRO,FY 2020,0.0,Providence,Rhode Island,US
CHL,FY 2019,0.0,Charleston,South Carolina,US
CHL,FY 2020,0.0,Charleston,South Carolina,US
GRR,FY 2017,8067.0,Greer,South Carolina,US
GRR,FY 2018,8071.0,Greer,South Carolina,US
GRR,FY 2019,4037.0,Greer,South Carolina,US
GRR,FY 2020,0.0,Greer,South Carolina,US
MEM,FY 2013,2013.0,Memphis,Tennessee,US
MEM,FY 2014,8055.0,Memphis,Tennessee,US
MEM,FY 2015,8059.0,Memphis,Tennessee,US
MEM,FY 2016,8063.0,Memphis,Tennessee,US
MEM,FY 2017,8067.0,Memphis,Tennessee,US
MEM,FY 2018,8071.0,Memphis,Tennessee,US
MEM,FY 2019,4037.0,Memphis,Tennessee,US
MEM,FY 2020,0.0,Memphis,Tennessee,US
NTN,FY 2018,4036.0,Nashville,Tennessee,US
NTN,FY 2019,4037.0,Nashville,Tennessee,US
NTN,FY 2020,0.0,Nashville,Tennessee,US
DAL,FY 2013,2013.0,Dallas,Texas,US
DAL,FY 2014,8055.0,Dallas,Texas,US
DAL,FY 2015,8059.0,Dallas,Texas,US
DAL,FY 2016,8063.0,Dallas,Texas,US
DAL,FY 2017,8067.0,Dallas,Texas,US
DAL,FY 2018,8071.0,Dallas,Texas,US
DAL,FY 2019,4037.0,Dallas,Texas,US
DAL,FY 2020,0.0,Dallas,Texas,US
ELP,FY 2013,2013.0,El Paso,Texas,US
ELP,FY 2014,8055.0,El Paso,Texas,US
ELP,FY 2015,8059.0,El Paso,Texas,US
ELP,FY 2016,8063.0,El Paso,Texas,US
ELP,FY 2017,8067.0,El Paso,Texas,US
ELP,FY 2018,8071.0,El Paso,Texas,US
ELP,FY 2019,4037.0,El Paso,Texas,US
ELP,FY 2020,0.0,El Paso,Texas,US
HLG,FY 2013,2013.0,Harlingen,Texas,US
HLG,FY 2014,8055.0,Harlingen,Texas,US
HLG,FY 2015,8059.0,Harlingen,Texas,US
HLG,FY 2016,8063.0,Harlingen,Texas,US
HLG,FY 2017,8067.0,Harlingen,Texas,US
HLG,FY 2018,8071.0,Harlingen,Texas,US
HLG,FY 2019,4037.0,Harlingen,Texas,US
HLG,FY 2020,0.0,Harlingen,Texas,US
HOU,FY 2013,2013.0,Houston,Texas,US
HOU,FY 2014,8055.0,Houston,Texas,US
HOU,FY 2015,8059.0,Houston,Texas,US
HOU,FY 2016,8063.0,Houston,Texas,US
HOU,FY 2017,8067.0,Houston,Texas,US
HOU,FY 2018,8071.0,Houston,Texas,US
HOU,FY 2019,4037.0,Houston,Texas,US
HOU,FY 2020,0.0,Houston,Texas,US
SNA,FY 2013,2013.0,San Antonio,Texas,US
SNA,FY 2014,8055.0,San Antonio,Texas,US
SNA,FY 2015,8059.0,San Antonio,Texas,US
SNA,FY 2016,8063.0,San Antonio,Texas,US
SNA,FY 2017,8067.0,San Antonio,Texas,US
SNA,FY 2018,8071.0,San Antonio,Texas,US
SNA,FY 2019,4037.0,San Antonio,Texas,US
SNA,FY 2020,0.0,San Antonio,Texas,US
SLC,FY 2013,2013.0,Salt Lake City,Utah,US
SLC,FY 2014,8055.0,Salt Lake City,Utah,US
SLC,FY 2015,8059.0,Salt Lake City,Utah,US
SLC,FY 2016,8063.0,Salt Lake City,Utah,US
SLC,FY 2017,8067.0,Salt Lake City,Utah,US
SLC,FY 2018,8071.0,Salt Lake City,Utah,US
SLC,FY 2019,4037.0,Salt Lake City,Utah,US
SLC,FY 2020,0.0,Salt Lake City,Utah,US
STA,FY 2013,2013.0,St. Albans,Vermont,US
STA,FY 2014,8055.0,St. Albans,Vermont,US
STA,FY 2015,8059.0,St. Albans,Vermont,US
STA,FY 2016,8063.0,St. Albans,Vermont,US
STA,FY 2017,8067.0,St. Albans,Vermont,US
STA,FY 2018,8071.0,St. Albans,Vermont,US
STA,FY 2019,4037.0,St. Albans,Vermont,US
STA,FY 2020,0.0,St. Albans,Vermont,US
NOR,FY 2013,2013.0,Norfolk,Virginia,US
NOR,FY 2014,8055.0,Norfolk,Virginia,US
NOR,FY 2015,8059.0,Norfolk,Virginia,US
NOR,FY 2016,8063.0,Norfolk,Virginia,US
NOR,FY 2017,8067.0,Norfolk,Virginia,US
NOR,FY 2018,8071.0,Norfolk,Virginia,US
NOR,FY 2019,4037.0,Norfolk,Virginia,US
NOR,FY 2020,0.0,Norfolk,Virginia,US
SEA,FY 2013,2013.0,Seattle,Washington,US
SEA,FY 2014,8055.0,Seattle,Washington,US
SEA,FY 2015,8059.0,Seattle,Washington,US
SEA,FY 2016,8063.0,Seattle,Washington,US
SEA,FY 2017,8067.0,Seattle,Washington,US
SEA,FY 2018,8071.0,Seattle,Washington,US
SEA,FY 2019,4037.0,Seattle,Washington,US
SEA,FY 2020,0.0,Seattle,Washington,US
SPO,FY 2013,2013.0,Spokane,Washington,US
SPO,FY 2014,8055.0,Spokane,Washington,US
SPO,FY 2015,8059.0,Spokane,Washington,US
SPO,FY 2016,8063.0,Spokane,Washington,US
SPO,FY 2017,8067.0,Spokane,Washington,US
SPO,FY 2018,8071.0,Spokane,Washington,US
SPO,FY 2019,4037.0,Spokane,Washington,US
SPO,FY 2020,0.0,Spokane,Washington,US
YAK,FY 2013,2013.0,Yakima,Washington,US
YAK,FY 2014,8055.0,Yakima,Washington,US
YAK,FY 2015,8059.0,Yakima,Washington,US
YAK,FY 2016,8063.0,Yakima,Washington,US
YAK,FY 2017,8067.0,Yakima,Washington,US
YAK,FY 2018,8071.0,Yakima,Washington,US
YAK,FY 2019,4037.0,Yakima,Washington,US
YAK,FY 2020,0.0,Yakima,Washington,US
CHS,FY 2013,2013.0,Charleston,West Virginia,US
CHS,FY 2014,8055.0,Charleston,West Virginia,US
CHS,FY 2015,8059.0,Charleston,West Virginia,US
CHS,FY 2016,8063.0,Charleston,West Virginia,US
CHS,FY 2017,10084.0,Charleston,West Virginia,US
CHS,FY 2018,16142.0,Charleston,West Virginia,US
CHS,FY 2019,8074.0,Charleston,West Virginia,US
CHS,FY 2020,0.0,Charleston,West Virginia,US
MIL,FY 2013,2013.0,Milwaukee,Wisconsin,US
MIL,FY 2014,8055.0,Milwaukee,Wisconsin,US
MIL,FY 2015,8059.0,Milwaukee,Wisconsin,US
MIL,FY 2016,8063.0,Milwaukee,Wisconsin,US
MIL,FY 2017,8067.0,Milwaukee,Wisconsin,US
MIL,FY 2018,8071.0,Milwaukee,Wisconsin,US
MIL,FY 2019,4037.0,Milwaukee,Wisconsin,US
MIL,FY 2020,0.0,Milwaukee,Wisconsin,US
